company;total_funding
saucony;0.0
head logic;0.0
dac technologies group international;0.0
falcon plastics;0.0
meridian international;1975000.0
colgate-palmolive;0.0
dsm ip assets;0.0
cvg managment;0.0
sealy technology;0.0
mtn products;0.0
be aerospace;0.0
magellan group;0.0
sunbeam products;9329636.0
breville;0.0
brookstone purchasing;125612000.0
ets express;0.0
ignite usa;0.0
spectrum diversified designs;0.0
q bonding + branding + strategy global;0.0
ibt holdings;0.0
honda motor;0.0
jab distributors;0.0
anchor packaging;0.0
revlon consumer products;0.0
kind group;0.0
clorox;0.0
cilag international;0.0
luminous star technology;16000000.0
cartier creation studio;0.0
gm global technology operations;0.0
dr ing hc f porsche;0.0
toyota jidosha kabushiki kaisha;0.0
ford motor;0.0
bridgestone americas tire operations;0.0
bridgestone bandag;0.0
audiovox;0.0
panasonic electric works;0.0
phoenix contact &;0.0
fci americas technology;0.0
abb technology;2700000.0
hitachi kokusai electric;0.0
tivo;0.0
international business machines;0.0
jvc kenwood;0.0
nokia;0.0
motorola mobility;0.0
sennheiser electronic &;0.0
clearone communications;0.0
apple;0.0
cisco technology;2500000.0
seagate technology;0.0
ipevo;0.0
optionmonster holdings;0.0
management insight;0.0
htc;0.0
mindray ds usa;0.0
microsoft;0.0
nice;64000000.0
sony;0.0
ra vision gear;18933082.0
team international music;0.0
adobe systems;0.0
dynamics;110700000.0
pentel kabushiki kaisha;0.0
taylor brands;0.0
sdi;0.0
chrome cherry trust;0.0
lego;0.0
eaton;2400000.0
kubota;0.0
globe union industrial;0.0
smc;0.0
kohler;0.0
exhale fans;0.0
resmed;0.0
sanofi-aventis deutschland;0.0
fujifilm;0.0
3form;0.0
osram sylvania;0.0
lg innotek;0.0
robert mcbride;0.0
vornado air;0.0
international refills;0.0
mitsubishi heavy industries;0.0
fender musical instruments;0.0
yamaha;0.0
panasonic;0.0
smart technologies;0.0
datalogic scanning;0.0
illumina;0.0
millennium pharmaceuticals;70000.0
alcatel lucent;0.0
lg electronics;0.0
toto;0.0
dell products;0.0
electrolux;0.0
alfred kaercher &;2000000.0
diversey;0.0
black & decker;0.0
robert bosch;0.0
atomic energy council-institute of nuclear energy research;0.0
renault;0.0
airbus france;0.0
denso;0.0
yamaha hatsudoki kabushiki kaisha;0.0
infineon technologies;0.0
fujikura;0.0
abbott diabetes care;6790000.0
ge intelligent platforms embedded systems;0.0
tektronix;0.0
canon kabushiki kaisha;0.0
xpress holding;0.0
halliburton energy services;0.0
jet crown international;220000000.0
trimble navigation;0.0
freescale semiconductor;0.0
opcon international holdings;0.0
lifetime products;0.0
toyota motor engineering & manufacturing north america tema;0.0
king abdulaziz university;43000000.0
hitachi;0.0
lrm industries international;0.0
express scripts;0.0
kraft foods global brands;0.0
playtex products;0.0
corning;0.0
daimler;0.0
cummins;0.0
cummins ip;0.0
mitsubishi fuso truck and bus;0.0
johnson matthey public;0.0
cummins filtration ip;0.0
clark equipment;0.0
ford global technologies;0.0
siemens;8900000.0
siemens energy;8900000.0
air products and chemicals;0.0
trane international;0.0
cargill;0.0
lock;0.0
aurora office equipment;0.0
crown packaging technology;0.0
delphi technologies;8000000.0
hitachi automotive systems;0.0
hitachi zosen;0.0
apm automation solutions;0.0
seiko epson;0.0
smart structures;0.0
sentec;800000.0
honeywell international;11400000.0
magna powertrain &;0.0
sandvik intellectual property aktiebolag;0.0
surefire;0.0
raytheon;3000000.0
prince castle;0.0
prime solution;0.0
ricoh;0.0
schlumberger technology;0.0
rafael advanced defense systems;0.0
disney enterprises;0.0
pirelli & c ambiente renewable energy;0.0
becker marine systems &;0.0
xerox;1100000000.0
electrolux professionals;0.0
covidien;0.0
v-wave;2000000.0
loreal;0.0
chanel parfums beaute;0.0
novartis;0.0
pa;0.0
fluid routing solutions;24000000.0
toshiba kikai kabushiki kaisha;0.0
krones;0.0
michelin recherche et technique;0.0
bridgestone;0.0
soitec silicon on insulator technologies;0.0
boeing;0.0
hitachi cable;0.0
entegris;0.0
hyundai motor;0.0
scania cv publ;0.0
world energy systems;0.0
atlas copco rock drills;2189019.0
toshiba elevator kabushiki kaisha;0.0
mitsubishi electric;0.0
hewlett-packard development;0.0
mse innovations;0.0
meadwestvaco;0.0
target brands;0.0
hospira;0.0
impress group;0.0
alfred e mann foundation for scientific research;2000000.0
international paper;0.0
google;25100000.0
diebold self-service systems division of diebold;0.0
imation;0.0
diebold;0.0
tyfone;5300000.0
ncr;1500000.0
sicpa holding;0.0
home automation;0.0
netafim;0.0
btg international;4008102.0
minus 100;10070000.0
fellowes;0.0
flsmidth;0.0
terex usa;0.0
trw automotive;0.0
airbus operations;0.0
airbus deutschland;0.0
insitu;0.0
airborne systems north america of nj;0.0
steelcase;0.0
hydril usa manufacturing;0.0
tokyo electron;0.0
bod technology;0.0
action target;0.0
fox factory;0.0
autoliv asp;0.0
trimark;0.0
johnson controls technology;0.0
g-form;0.0
foster-miller;0.0
panduit;0.0
xaar;0.0
fujifilm dimatix;0.0
lexmark international;0.0
essilor international compagnie generale doptique;0.0
johnson & johnson vision care;0.0
pixeloptics;92505372.0
essilor international compangie generale doptique;0.0
tearscience;114500000.0
king luminaire;43000000.0
bridgelux;264789135.0
visteon global technologies;0.0
stanley electric;0.0
rambus international;288565568.0
ge healthcare bio-sciences;0.0
levitronix technologies;0.0
cypress semiconductor;0.0
flextronics ap;0.0
dymo;0.0
earth renaissance technologies;0.0
reynolds consumer products;0.0
kennametal;0.0
mitsubishi materials;0.0
canon anelva;0.0
alstom technology;0.0
dyson technology;0.0
vestas wind systems;0.0
daikin industries;0.0
air cool industrial;0.0
hitachi plant technologies;0.0
hamilton sundstrand;0.0
hitachi high-technologies;0.0
align technology;0.0
cms dental aps;0.0
freedom scientific;0.0
adc;0.0
molex;0.0
super link electronics;0.0
deutsch engineered connecting devices;0.0
fujitsu;0.0
fci;0.0
ting shen industrial;0.0
sandisk technologies;0.0
igo;30000000.0
ddk;0.0
survitec group;0.0
hallmark cards;0.0
scan coin;15200000.0
igt;0.0
konami digital entertainment;0.0
atlantic city coin & slot service;0.0
nike;0.0
bridgestone sports;0.0
gates;0.0
valeo equipements electriques moteur;0.0
mls lanny;0.0
brunswick;0.0
johnson health tech;0.0
guangzhou fei da exercise & massager equipment;0.0
mardil;1550000.0
c r bard;0.0
estech;39122000.0
nellcor puritan bennett;0.0
heart zones usa;0.0
intellidx;0.0
siemens medical solutions usa;8900000.0
physio-control;0.0
impact sports technologies;0.0
brainlab;7300000.0
ossur hf;0.0
depuy products;0.0
data;0.0
roche diagnostics operations;0.0
ceregene;39500000.0
phagenesis;29307140.0
convatec technologies;0.0
daio paper;400000.0
medtronic;0.0
piper medical;0.0
baxano;31200000.0
kyphon sarl;0.0
biomet manufacturing;0.0
howmedica osteonics;0.0
onset medical;0.0
depuy spine;0.0
zimmer spine;0.0
acumed;0.0
edwards lifesciences;0.0
cardiaq technologies;45434000.0
cardiosolutions;11300000.0
spinalmotion;500000.0
zimmer;0.0
tornier;0.0
otto bock healthcare;0.0
international battery;0.0
ei du pont de nemours and;0.0
hitachi metals;0.0
sci protek;12000000.0
access business group international;0.0
ecolab usa;0.0
henkel & kgaa;0.0
abbott laboratories vascular enterprises;6790000.0
sony chemical & information device;0.0
basf;0.0
bekaert advanced coatings;0.0
tango systems;0.0
cardinal cg;63925.0
solopower;379899999.0
exxonmobil chemical patents;0.0
energy catalysis;2000000.0
protech services;0.0
landmark structures i;0.0
georgia-pacific chemicals;0.0
wix filtration;58500000.0
hamworthy;0.0
hitachi global storage technologies netherlands;0.0
3m innovative properties;0.0
rhodia chimie;0.0
sabic innovative plastics ip;0.0
nanocomp oy;0.0
international automotive components group north america;0.0
aptina imaging;0.0
e i du pont de nemours and;0.0
magna closures;0.0
marchi & brevetti interprise;0.0
est analytical;0.0
emcon technologies germany augsburg;0.0
tristar products;0.0
cnt;0.0
qiagen sciences;0.0
babcock & wilcox power generation group;0.0
energy & environmental research center foundation;2000000.0
sigma-aldrich;0.0
eden energy;0.0
glaxo group;0.0
unilever home & personal care usa;0.0
lexicon pharmaceuticals;0.0
genentech;0.0
medimmune;0.0
philadelphia health and education;0.0
medigene;0.0
pfizer;0.0
novozymes;0.0
mcneil-ppc;0.0
oro agri;0.0
abbott cardiovascular systems;6790000.0
cephalon;0.0
bionovo;600000.0
pos pilot plant;0.0
dai nippon printing;0.0
georgia-pacific gypsum;0.0
world wide lines;0.0
kovio;76500100.0
mitsubishi gas chemical;0.0
saint-gobain performance plastics;0.0
basf se;0.0
sony deutschland;0.0
bayer materialscience;0.0
saint-gobain glass france;0.0
mitsubishi plastics;0.0
ge osmonics;0.0
lg display;0.0
kla-tencor;0.0
nissan motor;0.0
tel-aviv univrsity future technology development;0.0
lg chem;0.0
mitsubishi rayon;0.0
hitachi chemical;0.0
agfa graphics;0.0
quest diagnostics investments;500000.0
abbott laboratories;6790000.0
sartorius stedim biotech;0.0
siemens heathcare diagnostics;8900000.0
new york university;0.0
metabolix;31000000.0
little sioux corn processor;0.0
biomerieux;0.0
lucigen;1950000.0
verdezyne;60000000.0
philadelphia health and education d/b/c drexel university college of medicine;0.0
genzyme;0.0
mocon;0.0
isis pharmaceuticals;400000.0
immunetech;0.0
centocor;0.0
academia sinica;11017508.0
fujitsu semiconductor;0.0
solid state system;0.0
kromek;1800000.0
nxp;0.0
stats chippac;0.0
intel;0.0
ixys ch;0.0
sandisk 3d;0.0
cone denim;0.0
first quality nonwovens;0.0
nec;0.0
fujifilm manufacturing europe;0.0
agilent technologies;0.0
chevron usa;0.0
air liquide sante international;0.0
givaudan;0.0
regenerx biopharmaceuticals;2550000.0
galderma;0.0
adynxx;7540560.0
telik;4581250.0
glaxosmithkline;0.0
chemocentryx;80540000.0
astrazeneca publ;0.0
nissan chemical industries;0.0
astrazeneca;0.0
schering;0.0
wilex;27070000.0
standard chem & pharm;0.0
methylgene;60625730.0
renovis;0.0
resverlogix;60741995.0
roche palo alto;0.0
allergan;0.0
celgene;0.0
johnson & johnson consumer companies;0.0
exxonmobil upstream research;0.0
rentech;0.0
empire technology development;0.0
ajinomoto;0.0
alcon research;0.0
theravance;129375000.0
zymogenetics;0.0
ambrx;10000000.0
xencor;21097653.0
immunogen;26000000.0
human genome sciences;0.0
bio-rad laboratories;0.0
ben gurion university of negev research and development authority;0.0
basf se ludwigshafen;0.0
pharmasset;0.0
wockhardt;0.0
neurosearch;14330000.0
sterling biotech research center;0.0
vertex pharmaceuticals;0.0
avecia biotechnology;0.0
anaspec;0.0
bayer cropscience;0.0
ranbaxy laboratories;0.0
clearwater international;0.0
exxonmobil research and engineering;0.0
rio tinto alcan international;0.0
ari technologies;0.0
johnson & johnson ind e com;0.0
syngenta participations;0.0
monsanto technology;0.0
monsanto invest;0.0
icon genetics;85000000.0
pioneer hi-bred international;0.0
zenph sound innovations;1065294.0
lsi;0.0
red chip;0.0
nanosolar;520000000.0
emcore solar power;204142.0
solyndra;1567504319.0
vivant medical;0.0
fluke;0.0
trw automotive electronics & components;0.0
delta electronics;0.0
mitsubishi denki kabushiki kaisha;0.0
accuray;0.0
ion beam applications;0.0
ovonyx;303750.0
osram opto semiconductors;0.0
pioneer;0.0
international rectifier;0.0
group iv semiconductor;0.0
hitachi displays;0.0
vanguard international semiconductor;0.0
globalfoundries;0.0
nanya technology;0.0
atmel;0.0
spansion;0.0
alpha & omega semiconductor;0.0
ixys;0.0
infineon technologies austria;0.0
allegro microsystems;0.0
sanyo semiconductor;0.0
sanyo electric;0.0
sony ericsson mobile communications;0.0
finisar;0.0
semtech;0.0
mediatek;0.0
potenco;0.0
avocent huntsville;0.0
juniper networks;0.0
green power technologies;0.0
ampt;0.0
tigo energy;0.0
siemens industry;8900000.0
shenzhen futaihong precision industry;0.0
magnetic applications;15250000.0
osram;0.0
lumenergi;27901875.0
altair engineering;0.0
marvell international;0.0
exact products;0.0
nvidia;25000000.0
revolution motor technology;0.0
international controls and measurements;0.0
hitachi koki;0.0
seiko instruments;0.0
lifescan;0.0
advantest;0.0
tabula;108000000.0
arm;0.0
sige semiconductor;0.0
nujira;57750000.0
broadcom;0.0
mag layers scientific-technics;0.0
qualcomm;0.0
abb;2700000.0
intersil americas;0.0
denso international america;0.0
mstar semiconductor;0.0
mack trucks;0.0
prenova;15650000.0
vanguard products group;0.0
bank of america;0.0
mckesson automation;0.0
st-ericsson;0.0
qinetiq;0.0
fujitsu component;0.0
fujitsu hitachi plasma display;0.0
hitachi plasma display;0.0
casio computer;0.0
toshiba matsuhita display technology;0.0
novatek microelectronics;16600000.0
international business machines corporatoin;0.0
fujitsu toshiba mobile communications;0.0
nintendo;0.0
autodesk;0.0
imove;5717561.0
new vad;0.0
flextronics international usa;0.0
altasens;15102417.0
nikon;0.0
nec lcd technologies;0.0
asml netherlands;0.0
tokyo institute of technology;0.0
media lario;0.0
terumo kabushiki kaisha;5546715.0
optos;0.0
genesys logic;0.0
qualcomm mems technologies;0.0
oewaves;0.0
nokia siemens networks &;0.0
gsi group;0.0
light prescriptions innovators;9700000.0
toshiba storage device;0.0
headway technologies;0.0
parker-hannifin;0.0
adtran;0.0
sma solar technology;0.0
westerngeco;0.0
atlas elektronik;2189019.0
johnson outdoors;0.0
nightingale products;120000.0
hitachi media electronics;0.0
victor of japan;18992723.0
lantiq deutschland;0.0
dell product;0.0
avaya;0.0
world wide packets;0.0
e f johnson;0.0
huawei technologies;0.0
net optic;0.0
t-mobile international;0.0
nice systems;64000000.0
interdigital technology;0.0
media patents;0.0
livetv;0.0
celtro;35230812.0
mitsubishi electric research laboratories;0.0
airvana network solutions;0.0
marvell world trade;0.0
psion teklogix;0.0
vanu;42150000.0
time warner cable;0.0
marvell israel misl;0.0
comcast cable communications;725000000.0
oracle international;0.0
interdigital patent holdings;0.0
sony disc & digital solutions;0.0
aware;0.0
oracle america;0.0
maxim integrated products;0.0
agency for science technology and research;0.0
harris;0.0
sirf technology holdings;0.0
teradyne;0.0
microstrategy;0.0
verizon data services;30079503000.0
amdocs software systems;0.0
accenture global services;0.0
aol;1000000000.0
nuance communications;0.0
rovi solutions;0.0
toyota motor engineering & manufacturing north america;0.0
red lion 49;0.0
epcos pte;0.0
siemens medical instruments pte;8900000.0
siemens audiologische technik;8900000.0
digimarc;0.0
uei cayman;0.0
arcsoft;20000000.0
spectrum dynamics;0.0
hitachi medical;0.0
conformis;219100000.0
dr systems;0.0
matrox electronic systems;0.0
snell & wilcox;0.0
toyota mapmaster;0.0
esker;0.0
network integrity systems;0.0
akustica;27000000.0
oclaro north america;0.0
mitsubishi cable industries;0.0
corning cable systems;0.0
tellabs pataluma;0.0
verizon patent and licensing;30079503000.0
new jersey institute of technology;0.0
tellabs operations;0.0
ciena;0.0
canon kasei kabushiki kaisha;0.0
quintic holdings;12300000.0
harris stratex networks operating;0.0
quantance;50750012.0
micrel;0.0
first data;0.0
roche diagnostics international;0.0
casio hitachi mobile communications;0.0
xius holding;0.0
nec communication systems;0.0
motorola solutions;0.0
telcom ventures;0.0
lenovo singapore pte;0.0
packet video;0.0
qualcomm atheros;0.0
terumo cardiovascular systems;5546715.0
microchips;25712500.0
varian medical systems;0.0
braingate;0.0
medtronic vascular;0.0
biotronik crm patent;0.0
betastim;0.0
carnegie mellon university;0.0
dassault systemes delmia;0.0
vistaprint technologies;0.0
irobot;0.0
invensys rail;0.0
snap-on;0.0
bose;0.0
trw automotive safety systems;0.0
trw automotive us;0.0
mapquest;0.0
paradigm geophysical;65000000.0
roche molecular systems;0.0
affymetrix;0.0
abb research;2700000.0
exxonmobil research & engineering;0.0
evolution robotics;0.0
health hero network;0.0
tegic communications;0.0
raytheon bbn technologies;3000000.0
cs technology;0.0
cerner innovation;0.0
health dialog services;0.0
ims software services;0.0
medicity;0.0
humana;0.0
ccc information services;0.0
allianz life insurance of north america;0.0
lincoln national life insurance;0.0
cbs interactive;0.0
rearden commerce;0.0
concerro;0.0
sap aktiengeselleschaft;2000000.0
sharethis;85758221.0
sap;2000000.0
intuit;6700000.0
teletech holdings;0.0
versata development group;0.0
openlane;10000000.0
jellyvision lab;5000000.0
zillow;96627980.0
mastercard international;0.0
barclays capital;0.0
ebay;6700000.0
adaptive technologies;0.0
ariba;0.0
nasdaq omx group;0.0
pipeline financial group;1400000.0
horizon digital finance;0.0
autoalert;0.0
openwave systems;0.0
directv group;0.0
cadence design systems;0.0
inquira;0.0
health discovery;0.0
nec laboratories america;0.0
symantec;0.0
x-aitment;6670000.0
brilliant digital entertainment;0.0
infoblox;30000000.0
panasas;65230481.0
access;0.0
novell;0.0
semmle;10000000.0
permabit technology;12000000.0
blue coat systems;0.0
amazon technologies;8000000.0
baynote;32495730.0
vmware;368500000.0
sap france;2000000.0
vizibility;4705910.0
kayak software;235024070.0
emc;0.0
dictaphone;0.0
red hat;0.0
tific;0.0
surf canyon;0.0
stmicroelectronics research & development;0.0
compete;33000000.0
confluence commons;60000000.0
waratek;0.0
realnetworks;0.0
invensys systems;0.0
sprint spectrum;0.0
capital one financial;0.0
sony computer entertainment;0.0
wayport;0.0
compuware;0.0
international business machines corportion;0.0
radvision;0.0
sendmail;2943368.0
data equation;0.0
rayv;16030566.0
teliasonera;0.0
medtronic minimed;0.0
inova;0.0
total phase;0.0
tellabs oy;0.0
pmc-sierra us;0.0
skymedi;0.0
netapp;0.0
edgecast networks;74000000.0
cray;0.0
open computing trust i &;200000.0
phoenix technologies;0.0
certicom;0.0
packet digital;0.0
symantec operating;0.0
formfactor;0.0
anritsu;0.0
cortina systems;0.0
siliconsystems;0.0
jaco athletics;0.0
reebok international;0.0
dr fresh;0.0
guava family;0.0
sistema plastics;0.0
sears brands;0.0
fiskars brands;0.0
a richard tools co/outils a richard;0.0
ebsco industries;0.0
dr sander rechtsanwalte steuerberater;0.0
graham packaging;0.0
suunto oy;0.0
richemont international;0.0
authentec;0.0
studio moderna;1675000.0
scosche industries;0.0
ever win international;0.0
leviton manufacturing;0.0
monster cable products;0.0
zipbuds;0.0
kno;94885095.0
next holdings;0.0
facebook;2385000000.0
allstate insurance;0.0
husqvarna;0.0
buhler sortex;0.0
flir systems;0.0
ge healthcare uk;0.0
cequr;56600000.0
value plastics;0.0
nuvasive;40462984.0
roche diagnostics;0.0
momentum management;0.0
incontrol medical;0.0
blue sky innovation group;0.0
international development;0.0
5 oaks creative development & design;0.0
mr bar-b-q-;0.0
phillips plastic;0.0
ideal time consultants;0.0
cube investments;0.0
tekserve;0.0
joby photo;0.0
cogia;0.0
valmont industries;0.0
millercoors;0.0
whirlpool;19330000.0
feintechnik eisfeld;0.0
tesa;0.0
ripple resort media;0.0
itw construction systems australia;0.0
tremco;0.0
diamond machine werks;0.0
radius x;0.0
rolls-royce;0.0
international truck intellectual property;0.0
ocean power technologies;0.0
flexenergy energy systems;23700000.0
holt hosiery mills;0.0
siemens vai metals technologies;8900000.0
posco;0.0
avl list;0.0
carefusion 303;0.0
keyence;0.0
atlas copco blm;2189019.0
artel;0.0
aida engineering;0.0
eco bales;460000.0
riley power;0.0
mitsubishi electronic;0.0
cummins intellectual properties;0.0
tvp solar;0.0
ric investments;0.0
dale medical products;0.0
samson;0.0
veeder-root;0.0
medrad;0.0
debiotech;0.0
triton logging;0.0
bond brothers contracting;0.0
3 day blinds;0.0
assa abloy ip;0.0
rolls-royce deutschland &;0.0
enbridge technology;1500000.0
ducati motor holding;0.0
hitachi construction machinery;0.0
siemens hearing instruments;8900000.0
kone;0.0
ventra group;0.0
nifco;0.0
ace manufacturing & parts;1245092.0
tomra systems;0.0
assa;0.0
mei;0.0
premier print services group;0.0
pci biotech;0.0
rtc industries;0.0
meadwestvaco packaging systems;0.0
seb;0.0
crane merchandising systems;0.0
cardica;13797958.0
visa usa;0.0
toshiba tec kabushiki kaisha;0.0
catch;0.0
newpage wisconsin system;0.0
nordson;0.0
idea factory;0.0
a celli nonwovens;0.0
phoenix products;0.0
eurocopter deutschland;0.0
ride best;0.0
flowserve management;0.0
hitachi global storage technologies;0.0
klinger;0.0
sunrise medical us;8200000.0
fujitsu ten;0.0
mac trailer manufacturing;0.0
saint-gobain pam;0.0
ford meter box;0.0
adams rite manufacturing;0.0
delaware capital formation;0.0
magna car top systems;0.0
dr ing hcf porsche;0.0
mitsui kinzoku act;0.0
xero engineering;244195300.0
canon finetech;0.0
miradia;67300000.0
cree;241039698.0
glp german light products;0.0
valeo vision;0.0
impulse devices;0.0
swatch group management services;0.0
hitachi powdered metals;0.0
nec infrontia;0.0
piper valve systems;0.0
hercules machinery;0.0
sandvik intellectual property;0.0
kennametal widia produktions &;0.0
standard car truck;0.0
nissan north america;0.0
energy saving products & sales;2000000.0
ocean renewable power;0.0
nts energie- und transportsysteme;0.0
gamesa innovation & technology;0.0
eurocopter;0.0
air liquide medical systems;0.0
danfoss commercial compressors;0.0
mitsui engineering & shipbuilding;0.0
convergys cmg utah;0.0
rambus;288565568.0
belden;0.0
autoliv development;0.0
fine and associates;0.0
sony computer entertainment america;0.0
konami gaming;0.0
spielo manufacturing;0.0
konami australia;0.0
wms gaming;0.0
hyundai wia;0.0
light wave;9700000.0
taylor made golf;0.0
torotrak development;0.0
thoratec;0.0
otologics;0.0
obtech medical;0.0
compumedics;0.0
u-systems;21864626.0
ge medical systems global technology;0.0
zoll circulation;0.0
argo medical technologies;1525000.0
capnia;22219087.0
novo nordisk;0.0
symmetry medical manufacturing;0.0
exactech;0.0
aesculap &;0.0
spectranetics;0.0
k2m;40000000.0
light sciences oncology;9700000.0
parker hannifin manufacturing germany &;0.0
porter mcguffie;0.0
toyota boshoku kabushiki kaisha;0.0
euro-pro operating;0.0
converteam technology;0.0
new mexico highlands university;0.0
mitsui chemicals;0.0
soraa;101600000.0
china star optoelectronics international hk;100000.0
vat holding;0.0
poole ventura;0.0
tokyo ohka kogyo;0.0
ensyn renewables;20000000.0
praxair technology;0.0
cast centre;0.0
delta industrial services;0.0
kuraray europe;0.0
astenjohnson;0.0
praxair st technology;0.0
rio tinto alean international;0.0
green ripple innovations;0.0
rhodia operations;0.0
cooper industries;0.0
material sciences;0.0
interra bouwburo;0.0
saab;0.0
jfe steel;0.0
bayer healthcare;0.0
stmicroelectronics;0.0
shell oil;0.0
novartis vaccines and diagnostics;0.0
onyvax;14906222.0
immunomedics;30000000.0
cedars-sinai medical center;0.0
glaxosmithkline biologicals;0.0
merial;0.0
apr applied pharma research;8776639.0
celonova biosciences;20841869.0
systagenix wound management us;0.0
banner pharmacaps;0.0
glaxosmithkline consumer healthcare &;0.0
alkermes pharma ireland;250000000.0
ipsen pharma;0.0
gdm;0.0
arkema;0.0
cenveo;0.0
nbcuniversal media;0.0
kuraray;0.0
bloom energy;5000000.0
hitachi chemical dupont microsystems;0.0
cellphire;1000000.0
millipore;0.0
galapagos;8858230.0
gen-probe;0.0
ibis biosciences;0.0
inserm institut national de la sante et de la recherche medicale;0.0
senomyx;0.0
roche glycart;0.0
ls9;75000000.0
verenium;97309564.0
arena pharmaceuticals;0.0
crucell holland;443000000.0
smart holograms;0.0
biodesix;84300000.0
epcos;0.0
semequip;26000000.0
saint-gobain centre de recherches et detudes europeen;0.0
sd lizenverwertungsgesellschaft mbh &;0.0
syngenta crop protection;0.0
total france;0.0
harris research;0.0
oncothyreon;64900000.0
lakewood-amedex;5500000.0
inspire pharmaceuticals;0.0
bayer animal health;0.0
meda pharma &;0.0
anadys pharmaceuticals;17500000.0
velcera pharmaceuticals;0.0
agennix usa;13000000.0
amgen;175463420.0
biolipox;0.0
bayer pharma;0.0
rigel pharmaceuticals;0.0
graham packaging pet technologies;0.0
mitsubishi engineering-plastics;0.0
invista north america sarl;0.0
borealis technology oy;0.0
rhodia engineering plastics;0.0
green peptide;0.0
medarex;0.0
irm;0.0
johnson & johnson research;0.0
glenmark generics;0.0
union carbide chemical and plastics technology technology;0.0
china petrochemical development;100000.0
arkema france;0.0
sanofi-aventis;0.0
chevron phillips chemical;0.0
tamarack habilitation tehnologies;16554200.0
basf plant science;0.0
athenix;43500000.0
monsanto;0.0
seminis vegetable seeds;0.0
e ink holdings;0.0
hypertherm;0.0
airware;40420000.0
varian semiconductor equipment associates;0.0
rising silicon;1000000.0
plextronics;51447500.0
intermolecular;62619999.0
eco spark;460000.0
elite advanced laser;0.0
alpha and omega semiconductor;0.0
altera;0.0
mc10;61208131.0
kingston technology;0.0
demand energy networks;0.0
abb oy;2700000.0
technology mavericks;0.0
sanyo seimitsu;0.0
toshiba lighting & technology;0.0
hitachi consumer electronics;0.0
beyond innovation technology;0.0
ksr technologies;34965544.0
pure technologies;0.0
bruker biospin;0.0
feinmetall;0.0
xilinx;0.0
synopsys;0.0
exar;0.0
pulse electronics;9800000.0
its electronics;0.0
flextronics automotive;0.0
location based technologies;1171464.0
neology;0.0
magna mirrors of america;0.0
arbitron;0.0
intelleflex;44000000.0
adaptiv technologies;0.0
emag technologies;0.0
pulse finland oy;9800000.0
siemens vdo automotive;8900000.0
mattel;0.0
fujitsu technology solutions intellectual property;0.0
honda research institute europe;0.0
marvell international technology;0.0
zoran;0.0
via technologies;0.0
abbyy software;0.0
echostar technologies;0.0
embrex;0.0
e ink;0.0
lumus;6000000.0
ophthonix;24653803.0
reliance controls;0.0
ioxus;69000000.0
e ink holding;0.0
spansion israel;0.0
orthosensor;71988600.0
geospace technologies;0.0
sony optiarc;0.0
fulcrum microsystems;0.0
option;0.0
embarq holdings;0.0
cisco tecnology;2500000.0
adc telecommunications;0.0
sprint communications;0.0
qwest communications international;0.0
ipwireless;31580000.0
pantech;76300000.0
sky teletech;0.0
audiocodes;0.0
tellabs;0.0
transwitch;2729500.0
cymer;0.0
el en;138000.0
siemens enterprise communications &;8900000.0
neomagic;0.0
clearwire ip holdings;5700000000.0
wipro techno centre singapore pte;0.0
trex enterprises;0.0
sirf technology;0.0
aquantia;153624633.0
biolucent;0.0
securus technologies;4651137.0
cinchcast;7250000.0
fonality;46020414.0
skype;76805032.0
king green;43000000.0
magiq technologies;3107303.0
line 6;0.0
mathias stieler von heydekampf;0.0
bell and howell;0.0
videomining;2000000.0
trumpf werkzeugmaschinen +;0.0
alpine electronics;0.0
xceed imaging;0.0
point grey research;0.0
limelight networks;0.0
infinera;112000000.0
opnext japan;0.0
oce printing systems;0.0
harris technology;0.0
wireless science;0.0
lifescan scotland;0.0
t-mobile international &;0.0
ultra proizvodnja elektronskih naprav doo;0.0
stmicroelectronics beijing r&d;0.0
loopt;39105997.0
sybase;0.0
electrocore;50500000.0
abb research ld;2700000.0
castrol;0.0
blackbird technologies;0.0
navteq north america;0.0
analiza;600000.0
vega grieshaber;0.0
impedimed;0.0
scout analytics;700000.0
neopost technologies;0.0
virco bvba;0.0
mentor graphics;0.0
dts;0.0
sensory;0.0
amadeus;0.0
cardinalcommerce;4552438.0
trizetto group;0.0
onemednet;2770750.0
crowdengineering;4350000.0
velti;32034118.0
traffiq;18000000.0
checkpoint systems;0.0
mckesson financial holdings;0.0
sabrix;21000000.0
foliofn;0.0
pricemetrix;0.0
bloomberg;0.0
mbox;0.0
textura;6750000.0
business objects software;0.0
t-mobile deutschland;0.0
teradata us;0.0
personalweb technologies;0.0
commvault systems;0.0
jumptap;121500000.0
millennium it usa;70000.0
parallel networks;0.0
reach unlimited;0.0
lookout;131000000.0
comcast cable holdings;725000000.0
vudu;36000000.0
action star enterprise;0.0
plurality;12000000.0
axis semiconductor;0.0
kaspersky lab zao;0.0
intertrust technologies;0.0
corestreet;0.0
network appliance;0.0
ati technologies;0.0
nortel networks;0.0
sandisk;0.0
core logic;0.0
princeton technology;0.0
xcerion aktiebolag;15340000.0
tableau software;0.0
canon europa;0.0
pixar;0.0
edxact;2630000.0
pulsic;0.0
bbc international;0.0
dart industries;0.0
gone studio;1120000.0
air new zealand;0.0
de buyer industries;0.0
robert welch designs;0.0
lowes companies;0.0
walter meier manufacturing;0.0
pepsico;0.0
graham packaing;0.0
andrew;0.0
x-rite;0.0
aerovironment;0.0
hot doc;1000000.0
valor communication;0.0
cooper technologies;0.0
canal + distribution;0.0
openpeak;186973367.0
nec display solutions;0.0
parkeon;0.0
dana industries;0.0
icon ip;85000000.0
perfect union;0.0
